<schemalist gettext-domain="gnome-shell-extensions">
  <enum id='org.gnome.shell.extensions.wsmatrix.wraparoundMode'>
    <value value='0' nick='none'/>
    <value value='1' nick='next-previous'/>
    <value value='2' nick='rows-columns'/>
  </enum>
  <schema id="org.gnome.shell.extensions.wsmatrix" path="/org/gnome/shell/extensions/wsmatrix/">
    <key type="i" name="num-columns">
      <default>3</default>
      <range min="1" max="36" />
      <summary>Number of columns of workspaces</summary>
    </key>
    <key type="i" name="num-rows">
      <default>2</default>
      <range min="1" max="36" />
      <summary>Number of rows of workspaces</summary>
    </key>
    <key type="i" name="popup-timeout">
      <default>600</default>
      <range min="0" max="5000" />
      <summary>Time to show the popup (ms)</summary>
    </key>
    <key type="d" name="scale">
      <default>0.1</default>
      <range min="0.01" max="1.0" />
      <summary>Scale of the workspace thumbnails</summary>
    </key>
    <key type="b" name="show-thumbnails">
      <default>true</default>
      <summary>Whether to show workspace thumbnails or not</summary>
    </key>
    <key type="b" name="cache-popup">
      <default>false</default>
      <summary>Cache popup (faster, consumes more memory)</summary>
    </key>
    <key type="b" name="show-workspace-names">
      <default>false</default>
      <summary>Whether to show workspace names or not</summary>
    </key>
    <key name="wraparound-mode" enum="org.gnome.shell.extensions.wsmatrix.wraparoundMode">
      <default>'none'</default>
      <summary>Wraparound workspaces while navigating</summary>
    </key>
  </schema>
</schemalist>
